S.No,Registration numbers
1,BL.EN.U4CSE24001
2,BL.EN.U4CSE24002
3,BL.EN.U4CSE24003
4,BL.EN.U4CSE24004
5,BL.EN.U4CSE24005
6,BL.EN.U4CSE24006
7,BL.EN.U4CSE24007
8,BL.EN.U4CSE24008
9,BL.EN.U4CSE24009
10,BL.EN.U4CSE24010
11,BL.EN.U4CSE24011
12,BL.EN.U4CSE24012
13,BL.EN.U4CSE24013
14,BL.EN.U4CSE24014
15,BL.EN.U4CSE24015
16,BL.EN.U4CSE24016
17,BL.EN.U4CSE24017
18,BL.EN.U4CSE24018
19,BL.EN.U4CSE24019
20,BL.EN.U4CSE24020
21,BL.EN.U4CSE24021
22,BL.EN.U4CSE24022
23,BL.EN.U4CSE24023
24,BL.EN.U4CSE24024
25,BL.EN.U4CSE24025
26,BL.EN.U4CSE24026
27,BL.EN.U4CSE24027
28,BL.EN.U4CSE24028
29,BL.EN.U4CSE24029
30,BL.EN.U4CSE24030
31,BL.EN.U4CSE24031
32,BL.EN.U4CSE24032
33,BL.EN.U4CSE24033
34,BL.EN.U4CSE24034
35,BL.EN.U4CSE24035
36,BL.EN.U4CSE24036
37,BL.EN.U4CSE24037
38,BL.EN.U4CSE24038
39,BL.EN.U4CSE24039
40,BL.EN.U4CSE24040
41,BL.EN.U4CSE24041
42,BL.EN.U4CSE24042
43,BL.EN.U4CSE24043
44,BL.EN.U4CSE24044
45,BL.EN.U4CSE24045
46,BL.EN.U4CSE24046
47,BL.EN.U4CSE24047
48,BL.EN.U4CSE24048
49,BL.EN.U4CSE24049
50,BL.EN.U4CSE24050
51,BL.EN.U4CSE24051
52,BL.EN.U4CSE24052
53,BL.EN.U4CSE24053
54,BL.EN.U4CSE24054
55,BL.EN.U4CSE24055
56,BL.EN.U4CSE24056
57,BL.EN.U4CSE24057
58,BL.EN.U4CSE24058
59,BL.EN.U4CSE24059
60,BL.EN.U4CSE24060
61,BL.EN.U4CSE24061
62,BL.EN.U4CSE24062
63,BL.EN.U4CSE24063
64,BL.EN.U4CSE24064
65,BL.EN.U4CSE24065
66,BL.EN.U4CSE24066
67,BL.EN.U4CSE24067
68,BL.EN.U4CSE24068
69,BL.EN.U4CSE24069
70,BL.EN.U4CSE24070
71,BL.EN.U4CSE24071
72,BL.EN.U4CSE24072
73,BL.EN.U4CSE24073
74,BL.EN.U4CSE24074
75,BL.EN.U4CSE24075
76,BL.EN.U4CSE24076
77,BL.EN.U4CSE24077
78,BL.EN.U4CSE24078
79,BL.EN.U4CSE24079
80,BL.EN.U4CSE24080
81,BL.EN.U4CSE24081
82,BL.EN.U4CSE24082
83,BL.EN.U4CSE24083
84,BL.EN.U4CSE24084
85,BL.EN.U4CSE24085
86,BL.EN.U4CSE24086
87,BL.EN.U4CSE24087
88,BL.EN.U4CSE24088
89,BL.EN.U4CSE24089
90,BL.EN.U4CSE24090
91,BL.EN.U4CSE24091
92,BL.EN.U4CSE24092
93,BL.EN.U4CSE24093
94,BL.EN.U4CSE24094
95,BL.EN.U4CSE24095
96,BL.EN.U4CSE24096
97,BL.EN.U4CSE24097
98,BL.EN.U4CSE24098
99,BL.EN.U4CSE24099
100,BL.EN.U4CSE24100
101,BL.EN.U4CSE24101
102,BL.EN.U4CSE24102
103,BL.EN.U4CSE24103
104,BL.EN.U4CSE24104
105,BL.EN.U4CSE24105
106,BL.EN.U4CSE24106
107,BL.EN.U4CSE24107
108,BL.EN.U4CSE24108
109,BL.EN.U4CSE24109
110,BL.EN.U4CSE24110
111,BL.EN.U4CSE24111
112,BL.EN.U4CSE24112
113,BL.EN.U4CSE24113
114,BL.EN.U4CSE24114
115,BL.EN.U4CSE24115
116,BL.EN.U4CSE24116
117,BL.EN.U4CSE24117
118,BL.EN.U4CSE24118
119,BL.EN.U4CSE24119
120,BL.EN.U4CSE24120
121,BL.EN.U4CSE24121
122,BL.EN.U4CSE24122
123,BL.EN.U4CSE24123
124,BL.EN.U4CSE24124
125,BL.EN.U4CSE24125
126,BL.EN.U4CSE24126
127,BL.EN.U4CSE24127
128,BL.EN.U4CSE24128
129,BL.EN.U4CSE24129
130,BL.EN.U4CSE24130
131,BL.EN.U4CSE24131
132,BL.EN.U4CSE24132
133,BL.EN.U4CSE24133
134,BL.EN.U4CSE24134
135,BL.EN.U4CSE24135
136,BL.EN.U4CSE24136
137,BL.EN.U4CSE24137
138,BL.EN.U4CSE24138
139,BL.EN.U4CSE24139
140,BL.EN.U4CSE24140
141,BL.EN.U4CSE24141
142,BL.EN.U4CSE24142
143,BL.EN.U4CSE24143
144,BL.EN.U4CSE24144
145,BL.EN.U4CSE24145
146,BL.EN.U4CSE24146
147,BL.EN.U4CSE24147
148,BL.EN.U4CSE24148
149,BL.EN.U4CSE24149
150,BL.EN.U4CSE24150
151,BL.EN.U4CSE24151
152,BL.EN.U4CSE24152
153,BL.EN.U4CSE24153
154,BL.EN.U4CSE24154
155,BL.EN.U4CSE24155
156,BL.EN.U4CSE24156
157,BL.EN.U4CSE24157
158,BL.EN.U4CSE24158
159,BL.EN.U4CSE24159
160,BL.EN.U4CSE24160
161,BL.EN.U4CSE24161
162,BL.EN.U4CSE24162
163,BL.EN.U4CSE24163
164,BL.EN.U4CSE24164
165,BL.EN.U4CSE24165
166,BL.EN.U4CSE24166
167,BL.EN.U4CSE24167
168,BL.EN.U4CSE24168
169,BL.EN.U4CSE24169
170,BL.EN.U4CSE24170
171,BL.EN.U4CSE24171
172,BL.EN.U4CSE24172
173,BL.EN.U4CSE24173
174,BL.EN.U4CSE24174
175,BL.EN.U4CSE24175
176,BL.EN.U4CSE24176
177,BL.EN.U4CSE24177
178,BL.EN.U4CSE24178
179,BL.EN.U4CSE24179
180,BL.EN.U4CSE24180
181,BL.EN.U4CSE24181
182,BL.EN.U4CSE24182
183,BL.EN.U4CSE24183
184,BL.EN.U4CSE24184
185,BL.EN.U4CSE24185
186,BL.EN.U4CSE24186
187,BL.EN.U4CSE24187
188,BL.EN.U4CSE24188
189,BL.EN.U4CSE24189
190,BL.EN.U4CSE24190
191,BL.EN.U4CSE24191
192,BL.EN.U4CSE24192
193,BL.EN.U4CSE24193
194,BL.EN.U4CSE24194
195,BL.EN.U4CSE24195
196,BL.EN.U4CSE24196
197,BL.EN.U4CSE24197
198,BL.EN.U4CSE24198
199,BL.EN.U4CSE24199
200,BL.EN.U4CSE24200
201,BL.EN.U4CSE24201
202,BL.EN.U4CSE24202
203,BL.EN.U4CSE24203
204,BL.EN.U4AIE24001
205,BL.EN.U4AIE24002
206,BL.EN.U4AIE24003
207,BL.EN.U4AIE24004
208,BL.EN.U4AIE24005
209,BL.EN.U4AIE24006
210,BL.EN.U4AIE24007
211,BL.EN.U4AIE24008
212,BL.EN.U4AIE24009
213,BL.EN.U4AIE24010
214,BL.EN.U4AIE24011
215,BL.EN.U4AIE24012
216,BL.EN.U4AIE24013
217,BL.EN.U4AIE24014
218,BL.EN.U4AIE24015
219,BL.EN.U4AIE24016
220,BL.EN.U4AIE24017
221,BL.EN.U4AIE24018
222,BL.EN.U4AIE24019
223,BL.EN.U4AIE24020
224,BL.EN.U4AIE24021
225,BL.EN.U4AIE24022
226,BL.EN.U4AIE24023
227,BL.EN.U4AIE24024
228,BL.EN.U4AIE24025
229,BL.EN.U4AIE24026
230,BL.EN.U4AIE24027
231,BL.EN.U4AIE24028
232,BL.EN.U4AIE24029
233,BL.EN.U4AIE24030
234,BL.EN.U4AIE24031
235,BL.EN.U4AIE24032
236,BL.EN.U4AIE24033
237,BL.EN.U4AIE24034
238,BL.EN.U4AIE24035
239,BL.EN.U4AIE24036
240,BL.EN.U4AIE24037
241,BL.EN.U4AIE24038
242,BL.EN.U4AIE24039
243,BL.EN.U4AIE24040
244,BL.EN.U4AIE24041
245,BL.EN.U4AIE24042
246,BL.EN.U4AIE24043
247,BL.EN.U4AIE24044
248,BL.EN.U4AIE24045
249,BL.EN.U4AIE24046
250,BL.EN.U4AIE24047
251,BL.EN.U4AIE24048
252,BL.EN.U4AIE24049
253,BL.EN.U4AIE24050
254,BL.EN.U4AIE24051
255,BL.EN.U4AIE24052
256,BL.EN.U4AIE24053
257,BL.EN.U4AIE24054
258,BL.EN.U4AIE24055
259,BL.EN.U4AIE24056
260,BL.EN.U4AIE24057
261,BL.EN.U4AIE24058
262,BL.EN.U4AIE24059
263,BL.EN.U4AIE24060
264,BL.EN.U4AIE24061
265,BL.EN.U4AIE24062
266,BL.EN.U4AIE24063
267,BL.EN.U4AIE24064
268,BL.EN.U4AIE24065
269,BL.EN.U4AIE24066
270,BL.EN.U4AIE24067
271,BL.EN.U4AIE24068
272,BL.EN.U4AIE24069
273,BL.EN.U4AIE24070
274,BL.EN.U4AIE24071
275,BL.EN.U4AIE24072
276,BL.EN.U4AIE24073
277,BL.EN.U4AIE24074
278,BL.EN.U4AIE24075
279,BL.EN.U4AIE24076
280,BL.EN.U4AIE24077
281,BL.EN.U4AIE24078
282,BL.EN.U4AIE24079
283,BL.EN.U4AIE24080
284,BL.EN.U4AIE24081
285,BL.EN.U4AIE24082
286,BL.EN.U4AIE24083
287,BL.EN.U4AIE24084
288,BL.EN.U4AIE24085
289,BL.EN.U4AIE24086
290,BL.EN.U4AIE24087
291,BL.EN.U4AIE24088
292,BL.EN.U4AIE24089
293,BL.EN.U4AIE24090
294,BL.EN.U4AIE24091
295,BL.EN.U4AIE24092
296,BL.EN.U4AIE24093
297,BL.EN.U4AIE24094
298,BL.EN.U4AIE24095
299,BL.EN.U4AIE24096
300,BL.EN.U4AIE24097
301,BL.EN.U4AIE24098
302,BL.EN.U4AIE24099
303,BL.EN.U4AIE24100
304,BL.EN.U4AIE24101
305,BL.EN.U4AIE24102
306,BL.EN.U4AIE24103
307,BL.EN.U4AIE24104
308,BL.EN.U4AIE24105
309,BL.EN.U4AIE24106
310,BL.EN.U4AIE24107
311,BL.EN.U4AIE24108
312,BL.EN.U4AIE24109
313,BL.EN.U4AIE24110
314,BL.EN.U4AIE24111
315,BL.EN.U4AIE24112
316,BL.EN.U4AIE24113
317,BL.EN.U4AIE24114
318,BL.EN.U4AIE24115
319,BL.EN.U4AIE24116
320,BL.EN.U4AIE24117
321,BL.EN.U4AIE24118
322,BL.EN.U4AIE24119
323,BL.EN.U4AIE24120
324,BL.EN.U4AIE24121
325,BL.EN.U4AIE24122
326,BL.EN.U4AIE24123
327,BL.EN.U4AIE24124
328,BL.EN.U4AIE24125
329,BL.EN.U4AIE24126
330,BL.EN.U4AIE24127
331,BL.EN.U4AIE24128
332,BL.EN.U4AIE24129
333,BL.EN.U4AIE24130
334,BL.EN.U4AIE24131
335,BL.EN.U4AIE24132
336,BL.EN.U4AIE24133
337,BL.EN.U4AIE24134
338,BL.EN.U4AIE24135
339,BL.EN.U4AIE24136
340,BL.EN.U4AIE24137
341,BL.EN.U4AIE24138
342,BL.EN.U4AIE24139
343,BL.EN.U4AIE24140
344,BL.EN.U4AIE24141
345,BL.EN.U4AIE24142
346,BL.EN.U4AIE24143
347,BL.EN.U4AIE24144
348,BL.EN.U4AIE24145
349,BL.EN.U4AIE24146
350,BL.EN.U4AIE24147
351,BL.EN.U4AIE24148
352,BL.EN.U4AIE24149
353,BL.EN.U4AIE24150
354,BL.EN.U4AIE24151
355,BL.EN.U4AIE24152
356,BL.EN.U4AIE24153
357,BL.EN.U4AIE24154
358,BL.EN.U4AIE24155
359,BL.EN.U4AIE24156
360,BL.EN.U4AIE24157
361,BL.EN.U4AIE24158
362,BL.EN.U4AIE24159
363,BL.EN.U4AIE24160
364,BL.EN.U4AIE24161
365,BL.EN.U4AIE24162
366,BL.EN.U4AIE24163
367,BL.EN.U4AIE24164
368,BL.EN.U4AIE24165
369,BL.EN.U4AIE24166
370,BL.EN.U4AIE24167
371,BL.EN.U4AIE24168
372,BL.EN.U4AIE24169
373,BL.EN.U4AIE24170
374,BL.EN.U4AIE24171
375,BL.EN.U4AIE24172
376,BL.EN.U4AIE24173
377,BL.EN.U4AIE24174
378,BL.EN.U4AIE24175
379,BL.EN.U4AIE24176
380,BL.EN.U4AIE24177
381,BL.EN.U4AIE24178
382,BL.EN.U4AIE24179
383,BL.EN.U4AIE24180
384,BL.EN.U4AIE24181
385,BL.EN.U4AIE24182
386,BL.EN.U4AIE24183
387,BL.EN.U4AIE24184
388,BL.EN.U4AIE24185
389,BL.EN.U4AIE24186
390,BL.EN.U4AIE24187
391,BL.EN.U4AIE24188
392,BL.EN.U4AIE24189
393,BL.EN.U4AIE24190
394,BL.EN.U4AIE24191
395,BL.EN.U4AIE24192
396,BL.EN.U4AIE24193
397,BL.EN.U4AIE24194
398,BL.EN.U4AIE24195
399,BL.EN.U4AIE24196
400,BL.EN.U4AID24001
401,BL.EN.U4AID24002
402,BL.EN.U4AID24003
403,BL.EN.U4AID24004
404,BL.EN.U4AID24005
405,BL.EN.U4AID24006
406,BL.EN.U4AID24007
407,BL.EN.U4AID24008
408,BL.EN.U4AID24009
409,BL.EN.U4AID24010
410,BL.EN.U4AID24011
411,BL.EN.U4AID24012
412,BL.EN.U4AID24013
413,BL.EN.U4AID24014
414,BL.EN.U4AID24015
415,BL.EN.U4AID24016
416,BL.EN.U4AID24017
417,BL.EN.U4AID24018
418,BL.EN.U4AID24019
419,BL.EN.U4AID24020
420,BL.EN.U4AID24021
421,BL.EN.U4AID24022
422,BL.EN.U4AID24023
423,BL.EN.U4AID24024
424,BL.EN.U4AID24025
425,BL.EN.U4AID24026
426,BL.EN.U4AID24027
427,BL.EN.U4AID24028
428,BL.EN.U4AID24029
429,BL.EN.U4AID24030
430,BL.EN.U4AID24031
431,BL.EN.U4AID24032
432,BL.EN.U4AID24033
433,BL.EN.U4AID24034
434,BL.EN.U4AID24035
435,BL.EN.U4AID24036
436,BL.EN.U4AID24037
437,BL.EN.U4AID24038
438,BL.EN.U4AID24039
439,BL.EN.U4AID24040
440,BL.EN.U4AID24041
441,BL.EN.U4AID24042
442,BL.EN.U4AID24043
443,BL.EN.U4AID24044
444,BL.EN.U4AID24045
445,BL.EN.U4AID24046
446,BL.EN.U4AID24047
447,BL.EN.U4AID24048
448,BL.EN.U4AID24049
449,BL.EN.U4AID24050
450,BL.EN.U4AID24051
451,BL.EN.U4AID24052
452,BL.EN.U4AID24053
453,BL.EN.U4AID24054
454,BL.EN.U4AID24055
455,BL.EN.U4AID24056
456,BL.EN.U4AID24057
457,BL.EN.U4AID24058
458,BL.EN.U4AID24059
459,BL.EN.U4AID24060
460,BL.EN.U4AID24061
461,BL.EN.U4AID24062
462,BL.EN.U4AID24063
463,BL.EN.U4AID24064
464,BL.EN.U4AID24065
465,BL.EN.U4AID24066
466,BL.EN.U4AID24067
467,BL.EN.U4AID24068
468,BL.EN.U4AID24069
469,BL.EN.U4AID24070
470,BL.EN.U4AID24071
471,BL.EN.U4AID24072
472,BL.EN.U4AID24073
473,BL.EN.U4AID24074
474,BL.EN.U4AID24075
475,BL.EN.U4AID24076
476,BL.EN.U4AID24077
477,BL.EN.U4AID24078
478,BL.EN.U4AID24079
479,BL.EN.U4AID24080
480,BL.EN.U4ECE24001
481,BL.EN.U4ECE24002
482,BL.EN.U4ECE24003
483,BL.EN.U4ECE24004
484,BL.EN.U4ECE24005
485,BL.EN.U4ECE24006
486,BL.EN.U4ECE24007
487,BL.EN.U4ECE24008
488,BL.EN.U4ECE24009
489,BL.EN.U4ECE24010
490,BL.EN.U4ECE24011
491,BL.EN.U4ECE24012
492,BL.EN.U4ECE24013
493,BL.EN.U4ECE24014
494,BL.EN.U4ECE24015
495,BL.EN.U4ECE24016
496,BL.EN.U4ECE24017
497,BL.EN.U4ECE24018
498,BL.EN.U4ECE24019
499,BL.EN.U4ECE24020
500,BL.EN.U4ECE24021
501,BL.EN.U4ECE24022
502,BL.EN.U4ECE24023
503,BL.EN.U4ECE24024
504,BL.EN.U4ECE24025
505,BL.EN.U4ECE24026
506,BL.EN.U4ECE24027
507,BL.EN.U4ECE24028
508,BL.EN.U4ECE24029
509,BL.EN.U4ECE24030
510,BL.EN.U4ECE24031
511,BL.EN.U4ECE24032
512,BL.EN.U4ECE24033
513,BL.EN.U4ECE24034
514,BL.EN.U4ECE24035
515,BL.EN.U4ECE24036
516,BL.EN.U4ECE24037
517,BL.EN.U4ECE24038
518,BL.EN.U4ECE24039
519,BL.EN.U4ECE24040
520,BL.EN.U4ECE24041
521,BL.EN.U4ECE24042
522,BL.EN.U4ECE24043
523,BL.EN.U4ECE24044
524,BL.EN.U4ECE24045
525,BL.EN.U4ECE24046
526,BL.EN.U4ECE24047
527,BL.EN.U4ECE24048
528,BL.EN.U4ECE24049
529,BL.EN.U4ECE24050
530,BL.EN.U4ECE24051
531,BL.EN.U4ECE24052
532,BL.EN.U4ECE24053
533,BL.EN.U4ECE24054
534,BL.EN.U4ECE24055
535,BL.EN.U4ECE24056
536,BL.EN.U4ECE24057
537,BL.EN.U4ECE24058
538,BL.EN.U4ECE24059
539,BL.EN.U4ECE24060
540,BL.EN.U4ECE24061
541,BL.EN.U4ECE24062
542,BL.EN.U4ECE24063
543,BL.EN.U4ECE24064
544,BL.EN.U4ECE24065
545,BL.EN.U4ECE24066
546,BL.EN.U4ECE24067
547,BL.EN.U4ECE24068
548,BL.EN.U4ECE24069
549,BL.EN.U4ECE24070
550,BL.EN.U4ECE24071
551,BL.EN.U4ECE24072
552,BL.EN.U4ECE24073
553,BL.EN.U4ECE24074
554,BL.EN.U4ECE24075
555,BL.EN.U4ECE24076
556,BL.EN.U4ECE24077
557,BL.EN.U4ECE24078
558,BL.EN.U4ECE24079
559,BL.EN.U4ECE24080
560,BL.EN.U4ECE24081
561,BL.EN.U4ECE24082
562,BL.EN.U4ECE24083
563,BL.EN.U4ECE24084
564,BL.EN.U4ECE24085
565,BL.EN.U4ECE24086
566,BL.EN.U4ECE24087
567,BL.EN.U4ECE24088
568,BL.EN.U4ECE24089
569,BL.EN.U4ECE24090
570,BL.EN.U4ECE24091
571,BL.EN.U4ECE24092
572,BL.EN.U4ECE24093
573,BL.EN.U4ECE24094
574,BL.EN.U4ECE24095
575,BL.EN.U4ECE24096
576,BL.EN.U4ECE24097
577,BL.EN.U4ECE24098
578,BL.EN.U4ECE24099
579,BL.EN.U4ECE24100
580,BL.EN.U4ECE24101
581,BL.EN.U4ECE24102
582,BL.EN.U4ECE24103
583,BL.EN.U4ECE24104
584,BL.EN.U4ECE24105
585,BL.EN.U4ECE24106
586,BL.EN.U4ECE24107
587,BL.EN.U4ECE24108
588,BL.EN.U4ECE24109
589,BL.EN.U4ECE24110
590,BL.EN.U4ECE24111
591,BL.EN.U4ECE24112
592,BL.EN.U4ECE24113
593,BL.EN.U4ECE24114
594,BL.EN.U4ECE24115
595,BL.EN.U4ECE24116
596,BL.EN.U4ECE24117
597,BL.EN.U4ECE24118
598,BL.EN.U4ECE24119
599,BL.EN.U4ECE24120
600,BL.EN.U4ECE24121
601,BL.EN.U4ECE24122
602,BL.EN.U4ECE24123
603,BL.EN.U4ECE24124
604,BL.EN.U4ECE24125
605,BL.EN.U4ECE24126
606,BL.EN.U4ECE24127
607,BL.EN.U4ECE24128
608,BL.EN.U4ECE24129
609,BL.EN.U4ECE24130
610,BL.EN.U4ECE24131
611,BL.EN.U4ECE24132
612,BL.EN.U4ECE24133
613,BL.EN.U4ECE24134
614,BL.EN.U4ECE24135
615,BL.EN.U4ECE24136
616,BL.EN.U4ECE24137
617,BL.EN.U4ECE24138
618,BL.EN.U4ECE24139
619,BL.EN.U4ECE24140
620,BL.EN.U4ECE24141
621,BL.EN.U4ECE24142
622,BL.EN.U4ECE24143
623,BL.EN.U4ECE24144
624,BL.EN.U4ECE24145
625,BL.EN.U4ECE24146
626,BL.EN.U4ECE24147
627,BL.EN.U4ECE24148
628,BL.EN.U4ECE24149
629,BL.EN.U4ECE24150
630,BL.EN.U4ECE24151
631,BL.EN.U4ECE24152
632,BL.EN.U4ECE24153
633,BL.EN.U4ECE24154
634,BL.EN.U4ECE24155
635,BL.EN.U4ECE24156
636,BL.EN.U4ECE24157
637,BL.EN.U4ECE24158
638,BL.EN.U4ECE24159
639,BL.EN.U4ECE24160
640,BL.EN.U4ECE24161
641,BL.EN.U4ECE24162
642,BL.EN.U4ECE24163
643,BL.EN.U4ECE24164
644,BL.EN.U4ECE24165
645,BL.EN.U4ECE24166
646,BL.EN.U4ECE24167
647,BL.EN.U4ECE24168
648,BL.EN.U4ECE24169
649,BL.EN.U4ECE24170
650,BL.EN.U4ECE24171
651,BL.EN.U4ECE24172
652,BL.EN.U4ECE24173
653,BL.EN.U4ECE24174
654,BL.EN.U4ECE24175
655,BL.EN.U4ECE24176
656,BL.EN.U4ECE24177
657,BL.EN.U4ECE24178
658,BL.EN.U4ECE24179
659,BL.EN.U4ECE24180
660,BL.EN.U4ECE24181
661,BL.EN.U4ECE24182
662,BL.EN.U4ECE24183
663,BL.EN.U4ECE24184
664,BL.EN.U4ECE24185
665,BL.EN.U4ECE24186
666,BL.EN.U4ECE24187
667,BL.EN.U4ECE24188
668,BL.EN.U4ECE24189
669,BL.EN.U4ECE24190
670,BL.EN.U4ECE24191
671,BL.EN.U4ECE24192
672,BL.EN.U4ECE24193
673,BL.EN.U4ECE24194
674,BL.EN.U4ECE24195
675,BL.EN.U4ECE24196
676,BL.EN.U4ECE24197
677,BL.EN.U4ECE24198
678,BL.EN.U4ECE24199
679,BL.EN.U4ECE24200
680,BL.EN.U4ECE24201
681,BL.EN.U4ECE24202
682,BL.EN.U4ECE24203
683,BL.EN.U4ECE24204
684,BL.EN.U4ECE24205
685,BL.EN.U4EEE24001
686,BL.EN.U4EEE24002
687,BL.EN.U4EEE24003
688,BL.EN.U4EEE24004
689,BL.EN.U4EEE24005
690,BL.EN.U4EEE24006
691,BL.EN.U4EEE24007
692,BL.EN.U4EEE24008
693,BL.EN.U4EEE24009
694,BL.EN.U4EEE24010
695,BL.EN.U4EEE24011
696,BL.EN.U4EEE24012
697,BL.EN.U4EEE24013
698,BL.EN.U4EEE24014
699,BL.EN.U4EEE24015
700,BL.EN.U4EEE24016
701,BL.EN.U4EEE24017
702,BL.EN.U4EEE24018
703,BL.EN.U4EEE24019
704,BL.EN.U4EEE24020
705,BL.EN.U4EEE24021
706,BL.EN.U4EEE24022
707,BL.EN.U4EEE24023
708,BL.EN.U4EEE24024
709,BL.EN.U4EEE24025
710,BL.EN.U4EEE24026
711,BL.EN.U4EEE24027
712,BL.EN.U4EEE24028
713,BL.EN.U4EEE24029
714,BL.EN.U4EEE24030
715,BL.EN.U4EEE24031
716,BL.EN.U4EEE24032
717,BL.EN.U4EEE24033
718,BL.EN.U4EEE24034
719,BL.EN.U4EEE24035
720,BL.EN.U4EEE24036
721,BL.EN.U4EEE24037
722,BL.EN.U4EEE24038
723,BL.EN.U4EEE24039
724,BL.EN.U4MEE24001
725,BL.EN.U4MEE24002
726,BL.EN.U4MEE24003
727,BL.EN.U4MEE24004
728,BL.EN.U4MEE24005
729,BL.EN.U4MEE24006
730,BL.EN.U4MEE24007
731,BL.EN.U4MEE24008
732,BL.EN.U4MEE24009
733,BL.EN.U4MEE24010
734,BL.EN.U4MEE24011
735,BL.EN.U4MEE24012
736,BL.EN.U4MEE24013
737,BL.EN.U4MEE24014
738,BL.EN.U4MEE24015
739,BL.EN.U4MEE24016
740,BL.EN.U4MEE24017
741,BL.EN.U4MEE24018
742,BL.EN.U4MEE24019
743,BL.EN.U4MEE24020
744,BL.EN.U4MEE24021
745,BL.EN.U4MEE24022
746,BL.EN.U4MEE24023
747,BL.EN.U4MEE24024
748,BL.EN.U4MEE24025
749,BL.EN.U4MEE24026
750,BL.EN.U4MEE24027
751,BL.EN.U4MEE24028
752,BL.EN.U4MEE24029
753,BL.EN.U4MEE24030
754,BL.EN.U4RAE24001
755,BL.EN.U4RAE24002
756,BL.EN.U4RAE24003
757,BL.EN.U4RAE24004
758,BL.EN.U4RAE24005
759,BL.EN.U4RAE24006
760,BL.EN.U4RAE24007
761,BL.EN.U4RAE24008
762,BL.EN.U4RAE24009
763,BL.EN.U4RAE24010
764,BL.EN.U4RAE24011
765,BL.EN.U4RAE24012
766,BL.EN.U4RAE24013
767,BL.EN.U4RAE24014
768,BL.EN.U4RAE24015
769,BL.EN.U4RAE24016
770,BL.EN.U4RAE24017
771,BL.EN.U4RAE24018
772,BL.EN.U4RAE24019
773,BL.EN.U4RAE24020
774,BL.EN.U4RAE24021
775,BL.EN.U4RAE24022
776,BL.EN.U4RAE24023
777,BL.EN.U4RAE24024
778,BL.EN.U4RAE24025
779,BL.EN.U4RAE24026
780,BL.EN.U4RAE24027
781,BL.EN.U4RAE24028
782,BL.EN.U4RAE24029
783,BL.EN.U4RAE24030
784,BL.EN.U4RAE24031
785,BL.EN.U4RAE24032
786,BL.EN.U4RAE24033
787,BL.EN.U4RAE24034
788,BL.EN.U4RAE24035
789,BL.EN.U4RAE24036
790,BL.EN.U4RAE24037
791,BL.EN.U4RAE24038
792,BL.EN.U4RAE24039
793,BL.EN.U4RAE24040
794,BL.EN.U4RAE24041
795,BL.EN.U4RAE24042
796,BL.EN.U4RAE24043
797,BL.EN.U4RAE24044
798,BL.EN.U4RAE24045
799,BL.EN.U4RAE24046
800,BL.EN.U4RAE24047
801,BL.EN.U4RAE24048
802,BL.EN.U4RAE24049
803,BL.EN.U4RAE24050
804,BL.EN.U4RAE24051
805,BL.EN.U4RAE24052
806,BL.EN.U4RAE24053
807,BL.EN.U4RAE24054
808,BL.EN.U4RAE24055
809,BL.EN.U4RAE24056
810,BL.EN.U4RAE24057
811,BL.EN.U4RAE24058
812,BL.EN.U4RAE24059
813,BL.EN.U4RAE24060
814,BL.EN.U4RAE24061
815,BL.EN.U4RAE24062
816,BL.EN.U4RAE24063
817,BL.EN.U4RAE24064
818,BL.EN.U4RAE24065
819,BL.EN.U4RAE24066
820,BL.EN.U4RAE24067
821,BL.EN.U4RAE24068
822,BL.EN.U4RAE24069
823,BL.EN.U4RAE24070
824,BL.EN.U4CSE23001
825,BL.EN.U4CSE23002
826,BL.EN.U4CSE23003
827,BL.EN.U4CSE23004
828,BL.EN.U4CSE23005
829,BL.EN.U4CSE23006
830,BL.EN.U4CSE23007
831,BL.EN.U4CSE23008
832,BL.EN.U4CSE23009
833,BL.EN.U4CSE23010
834,BL.EN.U4CSE23011
835,BL.EN.U4CSE23012
836,BL.EN.U4CSE23013
837,BL.EN.U4CSE23014
838,BL.EN.U4CSE23015
839,BL.EN.U4CSE23016
840,BL.EN.U4CSE23017
841,BL.EN.U4CSE23018
842,BL.EN.U4CSE23019
843,BL.EN.U4CSE23020
844,BL.EN.U4CSE23021
845,BL.EN.U4CSE23022
846,BL.EN.U4CSE23023
847,BL.EN.U4CSE23024
848,BL.EN.U4CSE23025
849,BL.EN.U4CSE23026
850,BL.EN.U4CSE23027
851,BL.EN.U4CSE23028
852,BL.EN.U4CSE23029
853,BL.EN.U4CSE23030
854,BL.EN.U4CSE23031
855,BL.EN.U4CSE23032
856,BL.EN.U4CSE23033
857,BL.EN.U4CSE23034
858,BL.EN.U4CSE23035
859,BL.EN.U4CSE23036
860,BL.EN.U4CSE23037
861,BL.EN.U4CSE23038
862,BL.EN.U4CSE23039
863,BL.EN.U4CSE23040
864,BL.EN.U4CSE23041
865,BL.EN.U4CSE23042
866,BL.EN.U4CSE23043
867,BL.EN.U4CSE23044
868,BL.EN.U4CSE23045
869,BL.EN.U4CSE23046
870,BL.EN.U4CSE23047
871,BL.EN.U4CSE23048
872,BL.EN.U4CSE23049
873,BL.EN.U4CSE23050
874,BL.EN.U4CSE23051
875,BL.EN.U4CSE23052
876,BL.EN.U4CSE23053
877,BL.EN.U4CSE23054
878,BL.EN.U4CSE23055
879,BL.EN.U4CSE23056
880,BL.EN.U4CSE23057
881,BL.EN.U4CSE23058
882,BL.EN.U4CSE23059
883,BL.EN.U4CSE23060
884,BL.EN.U4CSE23061
885,BL.EN.U4CSE23062
886,BL.EN.U4CSE23063
887,BL.EN.U4CSE23064
888,BL.EN.U4CSE23065
889,BL.EN.U4CSE23066
890,BL.EN.U4CSE23067
891,BL.EN.U4CSE23068
892,BL.EN.U4CSE23069
893,BL.EN.U4CSE23070
894,BL.EN.U4CSE23071
895,BL.EN.U4CSE23072
896,BL.EN.U4CSE23073
897,BL.EN.U4CSE23074
898,BL.EN.U4CSE23075
899,BL.EN.U4CSE23076
900,BL.EN.U4CSE23077
901,BL.EN.U4CSE23078
902,BL.EN.U4CSE23079
903,BL.EN.U4CSE23080
904,BL.EN.U4CSE23081
905,BL.EN.U4CSE23082
906,BL.EN.U4CSE23083
907,BL.EN.U4CSE23084
908,BL.EN.U4CSE23085
909,BL.EN.U4CSE23086
910,BL.EN.U4CSE23087
911,BL.EN.U4CSE23088
912,BL.EN.U4CSE23089
913,BL.EN.U4CSE23090
914,BL.EN.U4CSE23091
915,BL.EN.U4CSE23092
916,BL.EN.U4CSE23093
917,BL.EN.U4CSE23094
918,BL.EN.U4CSE23095
919,BL.EN.U4CSE23096
920,BL.EN.U4CSE23097
921,BL.EN.U4CSE23098
922,BL.EN.U4CSE23099
923,BL.EN.U4CSE23100
924,BL.EN.U4CSE23101
925,BL.EN.U4CSE23102
926,BL.EN.U4CSE23103
927,BL.EN.U4CSE23104
928,BL.EN.U4CSE23105
929,BL.EN.U4CSE23106
930,BL.EN.U4CSE23107
931,BL.EN.U4CSE23108
932,BL.EN.U4CSE23109
933,BL.EN.U4CSE23110
934,BL.EN.U4CSE23111
935,BL.EN.U4CSE23112
936,BL.EN.U4CSE23113
937,BL.EN.U4CSE23114
938,BL.EN.U4CSE23115
939,BL.EN.U4CSE23116
940,BL.EN.U4CSE23117
941,BL.EN.U4CSE23118
942,BL.EN.U4CSE23119
943,BL.EN.U4CSE23120
944,BL.EN.U4CSE23121
945,BL.EN.U4CSE23122
946,BL.EN.U4CSE23123
947,BL.EN.U4CSE23124
948,BL.EN.U4CSE23125
949,BL.EN.U4CSE23126
950,BL.EN.U4CSE23127
951,BL.EN.U4CSE23128
952,BL.EN.U4CSE23129
953,BL.EN.U4CSE23130
954,BL.EN.U4CSE23131
955,BL.EN.U4CSE23132
956,BL.EN.U4CSE23133
957,BL.EN.U4CSE23134
958,BL.EN.U4CSE23135
959,BL.EN.U4CSE23136
960,BL.EN.U4CSE23137
961,BL.EN.U4CSE23138
962,BL.EN.U4CSE23139
963,BL.EN.U4CSE23140
964,BL.EN.U4CSE23141
965,BL.EN.U4CSE23142
966,BL.EN.U4CSE23143
967,BL.EN.U4CSE23144
968,BL.EN.U4CSE23145
969,BL.EN.U4CSE23146
970,BL.EN.U4CSE23147
971,BL.EN.U4CSE23148
972,BL.EN.U4CSE23149
973,BL.EN.U4CSE23150
974,BL.EN.U4CSE23151
975,BL.EN.U4CSE23152
976,BL.EN.U4CSE23153
977,BL.EN.U4CSE23154
978,BL.EN.U4CSE23155
979,BL.EN.U4CSE23156
980,BL.EN.U4CSE23157
981,BL.EN.U4CSE23158
982,BL.EN.U4CSE23159
983,BL.EN.U4CSE23160
984,BL.EN.U4CSE23161
985,BL.EN.U4CSE23162
986,BL.EN.U4CSE23163
987,BL.EN.U4CSE23164
988,BL.EN.U4CSE23165
989,BL.EN.U4CSE23166
990,BL.EN.U4CSE23167
991,BL.EN.U4CSE23168
992,BL.EN.U4CSE23169
993,BL.EN.U4CSE23170
994,BL.EN.U4CSE23171
995,BL.EN.U4CSE23172
996,BL.EN.U4CSE23173
997,BL.EN.U4CSE23174
998,BL.EN.U4CSE23175
999,BL.EN.U4CSE23176
1000,BL.EN.U4CSE23177
1001,BL.EN.U4CSE23178
1002,BL.EN.U4CSE23179
1003,BL.EN.U4CSE23180
1004,BL.EN.U4CSE23181
1005,BL.EN.U4CSE23182
1006,BL.EN.U4CSE23183
1007,BL.EN.U4CSE23184
1008,BL.EN.U4CSE23185
1009,BL.EN.U4CSE23186
1010,BL.EN.U4CSE23187
1011,BL.EN.U4CSE23188
1012,BL.EN.U4CSE23189
1013,BL.EN.U4CSE23190
1014,BL.EN.U4CSE23191
1015,BL.EN.U4CSE23192
1016,BL.EN.U4CSE23193
1017,BL.EN.U4CSE23194
1018,BL.EN.U4CSE23195
1019,BL.EN.U4CSE23196
1020,BL.EN.U4CSE23197
1021,BL.EN.U4CSE23198
1022,BL.EN.U4CSE23199
1023,BL.EN.U4CSE23200
1024,BL.EN.U4CSE23201
1025,BL.EN.U4CSE23202
1026,BL.EN.U4CSE23203
1027,BL.EN.U4CSE23204
1028,BL.EN.U4CSE23205
1029,BL.EN.U4CSE23206
1030,BL.EN.U4CSE23207
1031,BL.EN.U4CSE23208
1032,BL.EN.U4CSE23209
1033,BL.EN.U4CSE23210
1034,BL.EN.U4CSE23211
1035,BL.EN.U4CSE23212
1036,BL.EN.U4CSE23213
1037,BL.EN.U4CSE23214
1038,BL.EN.U4CSE23215
1039,BL.EN.U4CSE23216
1040,BL.EN.U4CSE23217
1041,BL.EN.U4CSE23218
1042,BL.EN.U4CSE23219
1043,BL.EN.U4CSE23220
1044,BL.EN.U4CSE23221
1045,BL.EN.U4CSE23222
1046,BL.EN.U4CSE23223
1047,BL.EN.U4CSE23224
1048,BL.EN.U4CSE23225
1049,BL.EN.U4CSE23226
1050,BL.EN.U4CSE23227
1051,BL.EN.U4CSE23228
1052,BL.EN.U4CSE23229
1053,BL.EN.U4CSE23230
1054,BL.EN.U4CSE23231
1055,BL.EN.U4CSE23232
1056,BL.EN.U4CSE23233
1057,BL.EN.U4CSE23234
1058,BL.EN.U4CSE23235
1059,BL.EN.U4CSE23236
1060,BL.EN.U4CSE23237
1061,BL.EN.U4CSE23238
1062,BL.EN.U4CSE23239
1063,BL.EN.U4CSE23240
1064,BL.EN.U4CSE23241
1065,BL.EN.U4CSE23242
1066,BL.EN.U4CSE23243
1067,BL.EN.U4CSE23244
1068,BL.EN.U4CSE23245
1069,BL.EN.U4CSE23246
1070,BL.EN.U4CSE23247
1071,BL.EN.U4CSE23248
1072,BL.EN.U4CSE23249
1073,BL.EN.U4CSE23250
1074,BL.EN.U4CSE23251
1075,BL.EN.U4CSE23252
1076,BL.EN.U4CSE23253
1077,BL.EN.U4CSE23254
1078,BL.EN.U4CSE23255
1079,BL.EN.U4CSE23256
1080,BL.EN.U4CSE23257
1081,BL.EN.U4CSE23258
1082,BL.EN.U4CSE23259
1083,BL.EN.U4CSE23260
1084,BL.EN.U4CSE23261
1085,BL.EN.U4CSE23262
1086,BL.EN.U4CSE23263
1087,BL.EN.U4CSE23264
1088,BL.EN.U4CSE23265
1089,BL.EN.U4CSE23266
1090,BL.EN.U4CSE23267
1091,BL.EN.U4CSE23268
1092,BL.EN.U4CSE23269
1093,BL.EN.U4CSE23270
1094,BL.EN.U4AIE23001
1095,BL.EN.U4AIE23002
1096,BL.EN.U4AIE23003
1097,BL.EN.U4AIE23004
1098,BL.EN.U4AIE23005
1099,BL.EN.U4AIE23006
1100,BL.EN.U4AIE23007
1101,BL.EN.U4AIE23008
1102,BL.EN.U4AIE23009
1103,BL.EN.U4AIE23010
1104,BL.EN.U4AIE23011
1105,BL.EN.U4AIE23012
1106,BL.EN.U4AIE23013
1107,BL.EN.U4AIE23014
1108,BL.EN.U4AIE23015
1109,BL.EN.U4AIE23016
1110,BL.EN.U4AIE23017
1111,BL.EN.U4AIE23018
1112,BL.EN.U4AIE23019
1113,BL.EN.U4AIE23020
1114,BL.EN.U4AIE23021
1115,BL.EN.U4AIE23022
1116,BL.EN.U4AIE23023
1117,BL.EN.U4AIE23024
1118,BL.EN.U4AIE23025
1119,BL.EN.U4AIE23026
1120,BL.EN.U4AIE23027
1121,BL.EN.U4AIE23028
1122,BL.EN.U4AIE23029
1123,BL.EN.U4AIE23030
1124,BL.EN.U4AIE23031
1125,BL.EN.U4AIE23032
1126,BL.EN.U4AIE23033
1127,BL.EN.U4AIE23034
1128,BL.EN.U4AIE23035
1129,BL.EN.U4AIE23036
1130,BL.EN.U4AIE23037
1131,BL.EN.U4AIE23038
1132,BL.EN.U4AIE23039
1133,BL.EN.U4AIE23040
1134,BL.EN.U4AIE23041
1135,BL.EN.U4AIE23042
1136,BL.EN.U4AIE23043
1137,BL.EN.U4AIE23044
1138,BL.EN.U4AIE23045
1139,BL.EN.U4AIE23046
1140,BL.EN.U4AIE23047
1141,BL.EN.U4AIE23048
1142,BL.EN.U4AIE23049
1143,BL.EN.U4AIE23050
1144,BL.EN.U4AIE23051
1145,BL.EN.U4AIE23052
1146,BL.EN.U4AIE23053
1147,BL.EN.U4AIE23054
1148,BL.EN.U4AIE23055
1149,BL.EN.U4AIE23056
1150,BL.EN.U4AIE23057
1151,BL.EN.U4AIE23058
1152,BL.EN.U4AIE23059
1153,BL.EN.U4AIE23060
1154,BL.EN.U4AIE23061
1155,BL.EN.U4AIE23062
1156,BL.EN.U4AIE23063
1157,BL.EN.U4AIE23064
1158,BL.EN.U4AIE23065
1159,BL.EN.U4AIE23066
1160,BL.EN.U4AIE23067
1161,BL.EN.U4AIE23068
1162,BL.EN.U4AIE23069
1163,BL.EN.U4AIE23070
1164,BL.EN.U4AIE23071
1165,BL.EN.U4AIE23072
1166,BL.EN.U4AIE23073
1167,BL.EN.U4AIE23074
1168,BL.EN.U4AIE23075
1169,BL.EN.U4AIE23076
1170,BL.EN.U4AIE23077
1171,BL.EN.U4AIE23078
1172,BL.EN.U4AIE23079
1173,BL.EN.U4AIE23080
1174,BL.EN.U4AIE23081
1175,BL.EN.U4AIE23082
1176,BL.EN.U4AIE23083
1177,BL.EN.U4AIE23084
1178,BL.EN.U4AIE23085
1179,BL.EN.U4AIE23086
1180,BL.EN.U4AIE23087
1181,BL.EN.U4AIE23088
1182,BL.EN.U4AIE23089
1183,BL.EN.U4AIE23090
1184,BL.EN.U4AIE23091
1185,BL.EN.U4AIE23092
1186,BL.EN.U4AIE23093
1187,BL.EN.U4AIE23094
1188,BL.EN.U4AIE23095
1189,BL.EN.U4AIE23096
1190,BL.EN.U4AIE23097
1191,BL.EN.U4AIE23098
1192,BL.EN.U4AIE23099
1193,BL.EN.U4AIE23100
1194,BL.EN.U4AIE23101
1195,BL.EN.U4AIE23102
1196,BL.EN.U4AIE23103
1197,BL.EN.U4AIE23104
1198,BL.EN.U4AIE23105
1199,BL.EN.U4AIE23106
1200,BL.EN.U4AIE23107
1201,BL.EN.U4AIE23108
1202,BL.EN.U4AIE23109
1203,BL.EN.U4AIE23110
1204,BL.EN.U4AIE23111
1205,BL.EN.U4AIE23112
1206,BL.EN.U4AIE23113
1207,BL.EN.U4AIE23114
1208,BL.EN.U4AIE23115
1209,BL.EN.U4AIE23116
1210,BL.EN.U4AIE23117
1211,BL.EN.U4AIE23118
1212,BL.EN.U4AIE23119
1213,BL.EN.U4AIE23120
1214,BL.EN.U4AIE23121
1215,BL.EN.U4AIE23122
1216,BL.EN.U4AIE23123
1217,BL.EN.U4AIE23124
1218,BL.EN.U4AIE23125
1219,BL.EN.U4AIE23126
1220,BL.EN.U4AIE23127
1221,BL.EN.U4AIE23128
1222,BL.EN.U4AIE23129
1223,BL.EN.U4AIE23130
1224,BL.EN.U4AIE23131
1225,BL.EN.U4AIE23132
1226,BL.EN.U4AIE23133
1227,BL.EN.U4AIE23134
1228,BL.EN.U4AIE23135
1229,BL.EN.U4AIE23136
1230,BL.EN.U4AIE23137
1231,BL.EN.U4AIE23138
1232,BL.EN.U4AIE23139
1233,BL.EN.U4AIE23140
1234,BL.EN.U4AID23001
1235,BL.EN.U4AID23002
1236,BL.EN.U4AID23003
1237,BL.EN.U4AID23004
1238,BL.EN.U4AID23005
1239,BL.EN.U4AID23006
1240,BL.EN.U4AID23007
1241,BL.EN.U4AID23008
1242,BL.EN.U4AID23009
1243,BL.EN.U4AID23010
1244,BL.EN.U4AID23011
1245,BL.EN.U4AID23012
1246,BL.EN.U4AID23013
1247,BL.EN.U4AID23014
1248,BL.EN.U4AID23015
1249,BL.EN.U4AID23016
1250,BL.EN.U4AID23017
1251,BL.EN.U4AID23018
1252,BL.EN.U4AID23019
1253,BL.EN.U4AID23020
1254,BL.EN.U4AID23021
1255,BL.EN.U4AID23022
1256,BL.EN.U4AID23023
1257,BL.EN.U4AID23024
1258,BL.EN.U4AID23025
1259,BL.EN.U4AID23026
1260,BL.EN.U4AID23027
1261,BL.EN.U4AID23028
1262,BL.EN.U4AID23029
1263,BL.EN.U4AID23030
1264,BL.EN.U4AID23031
1265,BL.EN.U4AID23032
1266,BL.EN.U4AID23033
1267,BL.EN.U4AID23034
1268,BL.EN.U4AID23035
1269,BL.EN.U4AID23036
1270,BL.EN.U4AID23037
1271,BL.EN.U4AID23038
1272,BL.EN.U4AID23039
1273,BL.EN.U4AID23040
1274,BL.EN.U4AID23041
1275,BL.EN.U4AID23042
1276,BL.EN.U4AID23043
1277,BL.EN.U4AID23044
1278,BL.EN.U4AID23045
1279,BL.EN.U4AID23046
1280,BL.EN.U4AID23047
1281,BL.EN.U4AID23048
1282,BL.EN.U4AID23049
1283,BL.EN.U4AID23050
1284,BL.EN.U4AID23051
1285,BL.EN.U4AID23052
1286,BL.EN.U4AID23053
1287,BL.EN.U4AID23054
1288,BL.EN.U4AID23055
1289,BL.EN.U4AID23056
1290,BL.EN.U4AID23057
1291,BL.EN.U4AID23058
1292,BL.EN.U4AID23059
1293,BL.EN.U4AID23060
1294,BL.EN.U4AID23061
1295,BL.EN.U4AID23062
1296,BL.EN.U4AID23063
1297,BL.EN.U4AID23064
1298,BL.EN.U4AID23065
1299,BL.EN.U4AID23066
1300,BL.EN.U4AID23067
1301,BL.EN.U4AID23068
1302,BL.EN.U4AID23069
1303,BL.EN.U4AID23070
1304,BL.EN.U4AID23071
1305,BL.EN.U4AID23072
1306,BL.EN.U4ECE23001
1307,BL.EN.U4ECE23002
1308,BL.EN.U4ECE23003
1309,BL.EN.U4ECE23004
1310,BL.EN.U4ECE23005
1311,BL.EN.U4ECE23006
1312,BL.EN.U4ECE23007
1313,BL.EN.U4ECE23008
1314,BL.EN.U4ECE23009
1315,BL.EN.U4ECE23010
1316,BL.EN.U4ECE23011
1317,BL.EN.U4ECE23012
1318,BL.EN.U4ECE23013
1319,BL.EN.U4ECE23014
1320,BL.EN.U4ECE23015
1321,BL.EN.U4ECE23016
1322,BL.EN.U4ECE23017
1323,BL.EN.U4ECE23018
1324,BL.EN.U4ECE23019
1325,BL.EN.U4ECE23020
1326,BL.EN.U4ECE23021
1327,BL.EN.U4ECE23022
1328,BL.EN.U4ECE23023
1329,BL.EN.U4ECE23024
1330,BL.EN.U4ECE23025
1331,BL.EN.U4ECE23026
1332,BL.EN.U4ECE23027
1333,BL.EN.U4ECE23028
1334,BL.EN.U4ECE23029
1335,BL.EN.U4ECE23030
1336,BL.EN.U4ECE23031
1337,BL.EN.U4ECE23032
1338,BL.EN.U4ECE23033
1339,BL.EN.U4ECE23034
1340,BL.EN.U4ECE23035
1341,BL.EN.U4ECE23036
1342,BL.EN.U4ECE23037
1343,BL.EN.U4ECE23038
1344,BL.EN.U4ECE23039
1345,BL.EN.U4ECE23040
1346,BL.EN.U4ECE23041
1347,BL.EN.U4ECE23042
1348,BL.EN.U4ECE23043
1349,BL.EN.U4ECE23044
1350,BL.EN.U4ECE23045
1351,BL.EN.U4ECE23046
1352,BL.EN.U4ECE23047
1353,BL.EN.U4ECE23048
1354,BL.EN.U4ECE23049
1355,BL.EN.U4ECE23050
1356,BL.EN.U4ECE23051
1357,BL.EN.U4ECE23052
1358,BL.EN.U4ECE23053
1359,BL.EN.U4ECE23054
1360,BL.EN.U4ECE23055
1361,BL.EN.U4ECE23056
1362,BL.EN.U4ECE23057
1363,BL.EN.U4ECE23058
1364,BL.EN.U4ECE23059
1365,BL.EN.U4ECE23060
1366,BL.EN.U4ECE23061
1367,BL.EN.U4ECE23062
1368,BL.EN.U4ECE23063
1369,BL.EN.U4ECE23064
1370,BL.EN.U4ECE23065
1371,BL.EN.U4ECE23066
1372,BL.EN.U4ECE23067
1373,BL.EN.U4ECE23068
1374,BL.EN.U4ECE23069
1375,BL.EN.U4ECE23070
1376,BL.EN.U4ECE23071
1377,BL.EN.U4ECE23072
1378,BL.EN.U4ECE23073
1379,BL.EN.U4ECE23074
1380,BL.EN.U4ECE23075
1381,BL.EN.U4ECE23076
1382,BL.EN.U4ECE23077
1383,BL.EN.U4ECE23078
1384,BL.EN.U4ECE23079
1385,BL.EN.U4ECE23080
1386,BL.EN.U4ECE23081
1387,BL.EN.U4ECE23082
1388,BL.EN.U4ECE23083
1389,BL.EN.U4ECE23084
1390,BL.EN.U4ECE23085
1391,BL.EN.U4ECE23086
1392,BL.EN.U4ECE23087
1393,BL.EN.U4ECE23088
1394,BL.EN.U4ECE23089
1395,BL.EN.U4ECE23090
1396,BL.EN.U4ECE23091
1397,BL.EN.U4ECE23092
1398,BL.EN.U4ECE23093
1399,BL.EN.U4ECE23094
1400,BL.EN.U4ECE23095
1401,BL.EN.U4ECE23096
1402,BL.EN.U4ECE23097
1403,BL.EN.U4ECE23098
1404,BL.EN.U4ECE23099
1405,BL.EN.U4ECE23100
1406,BL.EN.U4ECE23101
1407,BL.EN.U4ECE23102
1408,BL.EN.U4ECE23103
1409,BL.EN.U4ECE23104
1410,BL.EN.U4ECE23105
1411,BL.EN.U4ECE23106
1412,BL.EN.U4ECE23107
1413,BL.EN.U4ECE23108
1414,BL.EN.U4ECE23109
1415,BL.EN.U4ECE23110
1416,BL.EN.U4ECE23111
1417,BL.EN.U4ECE23112
1418,BL.EN.U4ECE23113
1419,BL.EN.U4ECE23114
1420,BL.EN.U4ECE23115
1421,BL.EN.U4ECE23116
1422,BL.EN.U4ECE23117
1423,BL.EN.U4ECE23118
1424,BL.EN.U4ECE23119
1425,BL.EN.U4ECE23120
1426,BL.EN.U4ECE23121
1427,BL.EN.U4ECE23122
1428,BL.EN.U4ECE23123
1429,BL.EN.U4ECE23124
1430,BL.EN.U4ECE23125
1431,BL.EN.U4ECE23126
1432,BL.EN.U4ECE23127
1433,BL.EN.U4ECE23128
1434,BL.EN.U4ECE23129
1435,BL.EN.U4ECE23130
1436,BL.EN.U4ECE23131
1437,BL.EN.U4ECE23132
1438,BL.EN.U4ECE23133
1439,BL.EN.U4ECE23134
1440,BL.EN.U4ECE23135
1441,BL.EN.U4ECE23136
1442,BL.EN.U4ECE23137
1443,BL.EN.U4ECE23138
1444,BL.EN.U4ECE23139
1445,BL.EN.U4ECE23140
1446,BL.EN.U4ECE23141
1447,BL.EN.U4ECE23142
1448,BL.EN.U4ECE23143
1449,BL.EN.U4ECE23144
1450,BL.EN.U4ECE23145
1451,BL.EN.U4ECE23146
1452,BL.EN.U4ECE23147
1453,BL.EN.U4ECE23148
1454,BL.EN.U4ECE23149
1455,BL.EN.U4ECE23150
1456,BL.EN.U4ECE23151
1457,BL.EN.U4ECE23152
1458,BL.EN.U4ECE23153
1459,BL.EN.U4ECE23154
1460,BL.EN.U4ECE23155
1461,BL.EN.U4ECE23156
1462,BL.EN.U4ECE23157
1463,BL.EN.U4ECE23158
1464,BL.EN.U4ECE23159
1465,BL.EN.U4ECE23160
1466,BL.EN.U4ECE23161
1467,BL.EN.U4ECE23162
1468,BL.EN.U4ECE23163
1469,BL.EN.U4ECE23164
1470,BL.EN.U4ECE23165
1471,BL.EN.U4ECE23166
1472,BL.EN.U4ECE23167
1473,BL.EN.U4ECE23168
1474,BL.EN.U4ECE23169
1475,BL.EN.U4ECE23170
1476,BL.EN.U4ECE23171
1477,BL.EN.U4ECE23172
1478,BL.EN.U4ECE23173
1479,BL.EN.U4ECE23174
1480,BL.EN.U4ECE23175
1481,BL.EN.U4ECE23176
1482,BL.EN.U4ECE23177
1483,BL.EN.U4ECE23178
1484,BL.EN.U4ECE23179
1485,BL.EN.U4ECE23180
1486,BL.EN.U4ECE23181
1487,BL.EN.U4ECE23182
1488,BL.EN.U4ECE23183
1489,BL.EN.U4ECE23184
1490,BL.EN.U4ECE23185
1491,BL.EN.U4ECE23186
1492,BL.EN.U4ECE23187
1493,BL.EN.U4ECE23188
1494,BL.EN.U4ECE23189
1495,BL.EN.U4ECE23190
1496,BL.EN.U4ECE23191
1497,BL.EN.U4ECE23192
1498,BL.EN.U4ECE23193
1499,BL.EN.U4ECE23194
1500,BL.EN.U4ECE23195
1501,BL.EN.U4ECE23196
1502,BL.EN.U4ECE23197
1503,BL.EN.U4ECE23198
1504,BL.EN.U4ECE23199
1505,BL.EN.U4ECE23200
1506,BL.EN.U4ECE23201
1507,BL.EN.U4ECE23202
1508,BL.EN.U4ECE23203
1509,BL.EN.U4ECE23204
1510,BL.EN.U4ECE23205
1511,BL.EN.U4EEE23001
1512,BL.EN.U4EEE23002
1513,BL.EN.U4EEE23003
1514,BL.EN.U4EEE23004
1515,BL.EN.U4EEE23005
1516,BL.EN.U4EEE23006
1517,BL.EN.U4EEE23007
1518,BL.EN.U4EEE23008
1519,BL.EN.U4EEE23009
1520,BL.EN.U4EEE23010
1521,BL.EN.U4EEE23011
1522,BL.EN.U4EEE23012
1523,BL.EN.U4EEE23013
1524,BL.EN.U4EEE23014
1525,BL.EN.U4EEE23015
1526,BL.EN.U4EEE23016
1527,BL.EN.U4EEE23017
1528,BL.EN.U4EEE23018
1529,BL.EN.U4EEE23019
1530,BL.EN.U4EEE23020
1531,BL.EN.U4EEE23021
1532,BL.EN.U4EEE23022
1533,BL.EN.U4EEE23023
1534,BL.EN.U4EEE23024
1535,BL.EN.U4MEE23001
1536,BL.EN.U4MEE23002
1537,BL.EN.U4MEE23003
1538,BL.EN.U4MEE23004
1539,BL.EN.U4MEE23005
1540,BL.EN.U4MEE23006
1541,BL.EN.U4MEE23007
1542,BL.EN.U4MEE23008
1543,BL.EN.U4MEE23009
1544,BL.EN.U4MEE23010
1545,BL.EN.U4MEE23011
1546,BL.EN.U4MEE23012
1547,BL.EN.U4MEE23013
1548,BL.EN.U4MEE23014
1549,BL.EN.U4MEE23015
1550,BL.EN.U4MEE23016
1551,BL.EN.U4MEE23017
1552,BL.EN.U4MEE23018
1553,BL.EN.U4MEE23019
1554,BL.EN.U4MEE23020
1555,BL.EN.U4MEE23021
1556,BL.EN.U4MEE23022
1557,BL.EN.U4MEE23023
1558,BL.EN.U4RAE23001
1559,BL.EN.U4RAE23002
1560,BL.EN.U4RAE23003
1561,BL.EN.U4RAE23004
1562,BL.EN.U4RAE23005
1563,BL.EN.U4RAE23006
1564,BL.EN.U4RAE23007
1565,BL.EN.U4RAE23008
1566,BL.EN.U4RAE23009
1567,BL.EN.U4RAE23010
1568,BL.EN.U4RAE23011
1569,BL.EN.U4RAE23012
1570,BL.EN.U4RAE23013
1571,BL.EN.U4RAE23014
1572,BL.EN.U4RAE23015
1573,BL.EN.U4RAE23016
1574,BL.EN.U4RAE23017
1575,BL.EN.U4RAE23018
1576,BL.EN.U4RAE23019
1577,BL.EN.U4RAE23020
1578,BL.EN.U4RAE23021
1579,BL.EN.U4RAE23022
1580,BL.EN.U4RAE23023
1581,BL.EN.U4RAE23024
1582,BL.EN.U4RAE23025
1583,BL.EN.U4RAE23026
1584,BL.EN.U4RAE23027
1585,BL.EN.U4RAE23028
1586,BL.EN.U4RAE23029
1587,BL.EN.U4RAE23030
1588,BL.EN.U4RAE23031
1589,BL.EN.U4RAE23032
1590,BL.EN.U4RAE23033
1591,BL.EN.U4RAE23034
1592,BL.EN.U4RAE23035
1593,BL.EN.U4RAE23036
1594,BL.EN.U4RAE23037
1595,BL.EN.U4RAE23038
1596,BL.EN.U4RAE23039
1597,BL.EN.U4RAE23040
1598,BL.EN.U4RAE23041
1599,BL.EN.U4RAE23042
1600,BL.EN.U4RAE23043
1601,BL.EN.U4RAE23044
1602,BL.EN.U4RAE23045
1603,BL.EN.U4RAE23046
1604,BL.EN.U4RAE23047
1605,BL.EN.U4RAE23048
1606,BL.EN.U4RAE23049
1607,BL.EN.U4RAE23050
1608,BL.EN.U4RAE23051
1609,BL.EN.U4RAE23052
1610,BL.EN.U4RAE23053
1611,BL.EN.U4RAE23054
1612,BL.EN.U4RAE23055
1613,BL.EN.U4RAE23056
1614,BL.EN.U4RAE23057
1615,BL.EN.U4RAE23058
1616,BL.EN.U4RAE23059
1617,BL.EN.U4RAE23060
1618,BL.EN.U4RAE23061
1619,BL.EN.U4RAE23062
1620,BL.EN.U4CSE22001
1621,BL.EN.U4CSE22002
1622,BL.EN.U4CSE22003
1623,BL.EN.U4CSE22004
1624,BL.EN.U4CSE22005
1625,BL.EN.U4CSE22006
1626,BL.EN.U4CSE22007
1627,BL.EN.U4CSE22008
1628,BL.EN.U4CSE22009
1629,BL.EN.U4CSE22010
1630,BL.EN.U4CSE22011
1631,BL.EN.U4CSE22012
1632,BL.EN.U4CSE22013
1633,BL.EN.U4CSE22014
1634,BL.EN.U4CSE22015
1635,BL.EN.U4CSE22016
1636,BL.EN.U4CSE22017
1637,BL.EN.U4CSE22018
1638,BL.EN.U4CSE22019
1639,BL.EN.U4CSE22020
1640,BL.EN.U4CSE22021
1641,BL.EN.U4CSE22022
1642,BL.EN.U4CSE22023
1643,BL.EN.U4CSE22024
1644,BL.EN.U4CSE22025
1645,BL.EN.U4CSE22026
1646,BL.EN.U4CSE22027
1647,BL.EN.U4CSE22028
1648,BL.EN.U4CSE22029
1649,BL.EN.U4CSE22030
1650,BL.EN.U4CSE22031
1651,BL.EN.U4CSE22032
1652,BL.EN.U4CSE22033
1653,BL.EN.U4CSE22034
1654,BL.EN.U4CSE22035
1655,BL.EN.U4CSE22036
1656,BL.EN.U4CSE22037
1657,BL.EN.U4CSE22038
1658,BL.EN.U4CSE22039
1659,BL.EN.U4CSE22040
1660,BL.EN.U4CSE22041
1661,BL.EN.U4CSE22042
1662,BL.EN.U4CSE22043
1663,BL.EN.U4CSE22044
1664,BL.EN.U4CSE22045
1665,BL.EN.U4CSE22046
1666,BL.EN.U4CSE22047
1667,BL.EN.U4CSE22048
1668,BL.EN.U4CSE22049
1669,BL.EN.U4CSE22050
1670,BL.EN.U4CSE22051
1671,BL.EN.U4CSE22052
1672,BL.EN.U4CSE22053
1673,BL.EN.U4CSE22054
1674,BL.EN.U4CSE22055
1675,BL.EN.U4CSE22056
1676,BL.EN.U4CSE22057
1677,BL.EN.U4CSE22058
1678,BL.EN.U4CSE22059
1679,BL.EN.U4CSE22060
1680,BL.EN.U4CSE22061
1681,BL.EN.U4CSE22062
1682,BL.EN.U4CSE22063
1683,BL.EN.U4CSE22064
1684,BL.EN.U4CSE22065
1685,BL.EN.U4CSE22066
1686,BL.EN.U4CSE22067
1687,BL.EN.U4CSE22068
1688,BL.EN.U4CSE22069
1689,BL.EN.U4CSE22070
1690,BL.EN.U4CSE22071
1691,BL.EN.U4CSE22072
1692,BL.EN.U4CSE22073
1693,BL.EN.U4CSE22074
1694,BL.EN.U4CSE22075
1695,BL.EN.U4CSE22076
1696,BL.EN.U4CSE22077
1697,BL.EN.U4CSE22078
1698,BL.EN.U4CSE22079
1699,BL.EN.U4CSE22080
1700,BL.EN.U4CSE22081
1701,BL.EN.U4CSE22082
1702,BL.EN.U4CSE22083
1703,BL.EN.U4CSE22084
1704,BL.EN.U4CSE22085
1705,BL.EN.U4CSE22086
1706,BL.EN.U4CSE22087
1707,BL.EN.U4CSE22088
1708,BL.EN.U4CSE22089
1709,BL.EN.U4CSE22090
1710,BL.EN.U4CSE22091
1711,BL.EN.U4CSE22092
1712,BL.EN.U4CSE22093
1713,BL.EN.U4CSE22094
1714,BL.EN.U4CSE22095
1715,BL.EN.U4CSE22096
1716,BL.EN.U4CSE22097
1717,BL.EN.U4CSE22098
1718,BL.EN.U4CSE22099
1719,BL.EN.U4CSE22100
1720,BL.EN.U4CSE22101
1721,BL.EN.U4CSE22102
1722,BL.EN.U4CSE22103
1723,BL.EN.U4CSE22104
1724,BL.EN.U4CSE22105
1725,BL.EN.U4CSE22106
1726,BL.EN.U4CSE22107
1727,BL.EN.U4CSE22108
1728,BL.EN.U4CSE22109
1729,BL.EN.U4CSE22110
1730,BL.EN.U4CSE22111
1731,BL.EN.U4CSE22112
1732,BL.EN.U4CSE22113
1733,BL.EN.U4CSE22114
1734,BL.EN.U4CSE22115
1735,BL.EN.U4CSE22116
1736,BL.EN.U4CSE22117
1737,BL.EN.U4CSE22118
1738,BL.EN.U4CSE22119
1739,BL.EN.U4CSE22120
1740,BL.EN.U4CSE22121
1741,BL.EN.U4CSE22122
1742,BL.EN.U4CSE22123
1743,BL.EN.U4CSE22124
1744,BL.EN.U4CSE22125
1745,BL.EN.U4CSE22126
1746,BL.EN.U4CSE22127
1747,BL.EN.U4CSE22128
1748,BL.EN.U4CSE22129
1749,BL.EN.U4CSE22130
1750,BL.EN.U4CSE22131
1751,BL.EN.U4CSE22132
1752,BL.EN.U4CSE22133
1753,BL.EN.U4CSE22134
1754,BL.EN.U4CSE22135
1755,BL.EN.U4CSE22136
1756,BL.EN.U4CSE22137
1757,BL.EN.U4CSE22138
1758,BL.EN.U4CSE22139
1759,BL.EN.U4CSE22140
1760,BL.EN.U4CSE22141
1761,BL.EN.U4CSE22142
1762,BL.EN.U4CSE22143
1763,BL.EN.U4CSE22144
1764,BL.EN.U4CSE22145
1765,BL.EN.U4CSE22146
1766,BL.EN.U4CSE22147
1767,BL.EN.U4CSE22148
1768,BL.EN.U4CSE22149
1769,BL.EN.U4CSE22150
1770,BL.EN.U4CSE22151
1771,BL.EN.U4CSE22152
1772,BL.EN.U4CSE22153
1773,BL.EN.U4CSE22154
1774,BL.EN.U4CSE22155
1775,BL.EN.U4CSE22156
1776,BL.EN.U4CSE22157
1777,BL.EN.U4CSE22158
1778,BL.EN.U4CSE22159
1779,BL.EN.U4CSE22160
1780,BL.EN.U4CSE22161
1781,BL.EN.U4CSE22162
1782,BL.EN.U4CSE22163
1783,BL.EN.U4CSE22164
1784,BL.EN.U4CSE22165
1785,BL.EN.U4CSE22166
1786,BL.EN.U4CSE22167
1787,BL.EN.U4CSE22168
1788,BL.EN.U4CSE22169
1789,BL.EN.U4CSE22170
1790,BL.EN.U4CSE22171
1791,BL.EN.U4CSE22172
1792,BL.EN.U4CSE22173
1793,BL.EN.U4CSE22174
1794,BL.EN.U4CSE22175
1795,BL.EN.U4CSE22176
1796,BL.EN.U4CSE22177
1797,BL.EN.U4CSE22178
1798,BL.EN.U4CSE22179
1799,BL.EN.U4CSE22180
1800,BL.EN.U4CSE22181
1801,BL.EN.U4CSE22182
1802,BL.EN.U4CSE22183
1803,BL.EN.U4CSE22184
1804,BL.EN.U4CSE22185
1805,BL.EN.U4CSE22186
1806,BL.EN.U4CSE22187
1807,BL.EN.U4CSE22188
1808,BL.EN.U4CSE22189
1809,BL.EN.U4CSE22190
1810,BL.EN.U4CSE22191
1811,BL.EN.U4CSE22192
1812,BL.EN.U4CSE22193
1813,BL.EN.U4CSE22194
1814,BL.EN.U4CSE22195
1815,BL.EN.U4CSE22196
1816,BL.EN.U4CSE22197
1817,BL.EN.U4CSE22198
1818,BL.EN.U4CSE22199
1819,BL.EN.U4CSE22200
1820,BL.EN.U4CSE22201
1821,BL.EN.U4CSE22202
1822,BL.EN.U4CSE22203
1823,BL.EN.U4CSE22204
1824,BL.EN.U4CSE22205
1825,BL.EN.U4CSE22206
1826,BL.EN.U4CSE22207
1827,BL.EN.U4CSE22208
1828,BL.EN.U4CSE22209
1829,BL.EN.U4CSE22210
1830,BL.EN.U4CSE22211
1831,BL.EN.U4CSE22212
1832,BL.EN.U4CSE22213
1833,BL.EN.U4CSE22214
1834,BL.EN.U4CSE22215
1835,BL.EN.U4CSE22216
1836,BL.EN.U4CSE22217
1837,BL.EN.U4CSE22218
1838,BL.EN.U4CSE22219
1839,BL.EN.U4CSE22220
1840,BL.EN.U4CSE22221
1841,BL.EN.U4CSE22222
1842,BL.EN.U4CSE22223
1843,BL.EN.U4CSE22224
1844,BL.EN.U4CSE22225
1845,BL.EN.U4CSE22226
1846,BL.EN.U4CSE22227
1847,BL.EN.U4CSE22228
1848,BL.EN.U4CSE22229
1849,BL.EN.U4CSE22230
1850,BL.EN.U4CSE22231
1851,BL.EN.U4CSE22232
1852,BL.EN.U4CSE22233
1853,BL.EN.U4CSE22234
1854,BL.EN.U4CSE22235
1855,BL.EN.U4CSE22236
1856,BL.EN.U4CSE22237
1857,BL.EN.U4CSE22238
1858,BL.EN.U4CSE22239
1859,BL.EN.U4CSE22240
1860,BL.EN.U4CSE22241
1861,BL.EN.U4CSE22242
1862,BL.EN.U4CSE22243
1863,BL.EN.U4CSE22244
1864,BL.EN.U4CSE22245
1865,BL.EN.U4CSE22246
1866,BL.EN.U4CSE22247
1867,BL.EN.U4CSE22248
1868,BL.EN.U4CSE22249
1869,BL.EN.U4AIE22001
1870,BL.EN.U4AIE22002
1871,BL.EN.U4AIE22003
1872,BL.EN.U4AIE22004
1873,BL.EN.U4AIE22005
1874,BL.EN.U4AIE22006
1875,BL.EN.U4AIE22007
1876,BL.EN.U4AIE22008
1877,BL.EN.U4AIE22009
1878,BL.EN.U4AIE22010
1879,BL.EN.U4AIE22011
1880,BL.EN.U4AIE22012
1881,BL.EN.U4AIE22013
1882,BL.EN.U4AIE22014
1883,BL.EN.U4AIE22015
1884,BL.EN.U4AIE22016
1885,BL.EN.U4AIE22017
1886,BL.EN.U4AIE22018
1887,BL.EN.U4AIE22019
1888,BL.EN.U4AIE22020
1889,BL.EN.U4AIE22021
1890,BL.EN.U4AIE22022
1891,BL.EN.U4AIE22023
1892,BL.EN.U4AIE22024
1893,BL.EN.U4AIE22025
1894,BL.EN.U4AIE22026
1895,BL.EN.U4AIE22027
1896,BL.EN.U4AIE22028
1897,BL.EN.U4AIE22029
1898,BL.EN.U4AIE22030
1899,BL.EN.U4AIE22031
1900,BL.EN.U4AIE22032
1901,BL.EN.U4AIE22033
1902,BL.EN.U4AIE22034
1903,BL.EN.U4AIE22035
1904,BL.EN.U4AIE22036
1905,BL.EN.U4AIE22037
1906,BL.EN.U4AIE22038
1907,BL.EN.U4AIE22039
1908,BL.EN.U4AIE22040
1909,BL.EN.U4AIE22041
1910,BL.EN.U4AIE22042
1911,BL.EN.U4AIE22043
1912,BL.EN.U4AIE22044
1913,BL.EN.U4AIE22045
1914,BL.EN.U4AIE22046
1915,BL.EN.U4AIE22047
1916,BL.EN.U4AIE22048
1917,BL.EN.U4AIE22049
1918,BL.EN.U4AIE22050
1919,BL.EN.U4AIE22051
1920,BL.EN.U4AIE22052
1921,BL.EN.U4AIE22053
1922,BL.EN.U4AIE22054
1923,BL.EN.U4AIE22055
1924,BL.EN.U4AIE22056
1925,BL.EN.U4AIE22057
1926,BL.EN.U4AIE22058
1927,BL.EN.U4AIE22059
1928,BL.EN.U4AIE22060
1929,BL.EN.U4AIE22061
1930,BL.EN.U4AIE22062
1931,BL.EN.U4AIE22063
1932,BL.EN.U4AIE22064
1933,BL.EN.U4AIE22065
1934,BL.EN.U4AIE22066
1935,BL.EN.U4AIE22067
1936,BL.EN.U4AIE22068
1937,BL.EN.U4AIE22069
1938,BL.EN.U4AIE22070
1939,BL.EN.U4AIE22071
1940,BL.EN.U4AIE22072
1941,BL.EN.U4AIE22073
1942,BL.EN.U4AIE22074
1943,BL.EN.U4AIE22075
1944,BL.EN.U4AIE22076
1945,BL.EN.U4AIE22077
1946,BL.EN.U4AIE22078
1947,BL.EN.U4AIE22079
1948,BL.EN.U4AIE22080
1949,BL.EN.U4AIE22081
1950,BL.EN.U4AIE22082
1951,BL.EN.U4AIE22083
1952,BL.EN.U4AIE22084
1953,BL.EN.U4AIE22085
1954,BL.EN.U4AIE22086
1955,BL.EN.U4AIE22087
1956,BL.EN.U4AIE22088
1957,BL.EN.U4AIE22089
1958,BL.EN.U4AIE22090
1959,BL.EN.U4AIE22091
1960,BL.EN.U4AIE22092
1961,BL.EN.U4AIE22093
1962,BL.EN.U4AIE22094
1963,BL.EN.U4AIE22095
1964,BL.EN.U4AIE22096
1965,BL.EN.U4AIE22097
1966,BL.EN.U4AIE22098
1967,BL.EN.U4AIE22099
1968,BL.EN.U4AIE22100
1969,BL.EN.U4AIE22101
1970,BL.EN.U4AIE22102
1971,BL.EN.U4AIE22103
1972,BL.EN.U4AIE22104
1973,BL.EN.U4AIE22105
1974,BL.EN.U4AIE22106
1975,BL.EN.U4AIE22107
1976,BL.EN.U4AIE22108
1977,BL.EN.U4AIE22109
1978,BL.EN.U4AIE22110
1979,BL.EN.U4AIE22111
1980,BL.EN.U4AIE22112
1981,BL.EN.U4AIE22113
1982,BL.EN.U4AIE22114
1983,BL.EN.U4AIE22115
1984,BL.EN.U4AIE22116
1985,BL.EN.U4AIE22117
1986,BL.EN.U4AIE22118
1987,BL.EN.U4AIE22119
1988,BL.EN.U4AIE22120
1989,BL.EN.U4AIE22121
1990,BL.EN.U4AIE22122
1991,BL.EN.U4AIE22123
1992,BL.EN.U4AIE22124
1993,BL.EN.U4AIE22125
1994,BL.EN.U4AIE22126
1995,BL.EN.U4AIE22127
1996,BL.EN.U4AIE22128
1997,BL.EN.U4AIE22129
1998,BL.EN.U4AIE22130
1999,BL.EN.U4AIE22131
2000,BL.EN.U4AIE22132
2001,BL.EN.U4AIE22133
2002,BL.EN.U4AIE22134
2003,BL.EN.U4AIE22135
2004,BL.EN.U4AIE22136
2005,BL.EN.U4AIE22137
2006,BL.EN.U4AIE22138
2007,BL.EN.U4AIE22139
2008,BL.EN.U4AIE22140
2009,BL.EN.U4AIE22141
2010,BL.EN.U4AIE22142
2011,BL.EN.U4AIE22143
2012,BL.EN.U4AIE22144
2013,BL.EN.U4AIE22145
2014,BL.EN.U4AIE22146
2015,BL.EN.U4AIE22147
2016,BL.EN.U4AIE22148
2017,BL.EN.U4AIE22149
2018,BL.EN.U4AIE22150
2019,BL.EN.U4AIE22151
2020,BL.EN.U4AIE22152
2021,BL.EN.U4AIE22153
2022,BL.EN.U4AIE22154
2023,BL.EN.U4AIE22155
2024,BL.EN.U4AIE22156
2025,BL.EN.U4AIE22157
2026,BL.EN.U4AIE22158
2027,BL.EN.U4AIE22159
2028,BL.EN.U4AIE22160
2029,BL.EN.U4AIE22161
2030,BL.EN.U4AIE22162
2031,BL.EN.U4AIE22163
2032,BL.EN.U4AIE22164
2033,BL.EN.U4AIE22165
2034,BL.EN.U4AIE22166
2035,BL.EN.U4AIE22167
2036,BL.EN.U4AIE22168
2037,BL.EN.U4AIE22169
2038,BL.EN.U4AIE22170
2039,BL.EN.U4AIE22171
2040,BL.EN.U4AIE22172
2041,BL.EN.U4AIE22173
2042,BL.EN.U4AIE22174
2043,BL.EN.U4AIE22175
2044,BL.EN.U4AIE22176
2045,BL.EN.U4AIE22177
2046,BL.EN.U4AIE22178
2047,BL.EN.U4AIE22179
2048,BL.EN.U4AIE22180
2049,BL.EN.U4AIE22181
2050,BL.EN.U4AIE22182
2051,BL.EN.U4AIE22183
2052,BL.EN.U4AIE22184
2053,BL.EN.U4AIE22185
2054,BL.EN.U4AIE22186
2055,BL.EN.U4AIE22187
2056,BL.EN.U4AIE22188
2057,BL.EN.U4AIE22189
2058,BL.EN.U4AIE22190
2059,BL.EN.U4AIE22191
2060,BL.EN.U4AIE22192
2061,BL.EN.U4AIE22193
2062,BL.EN.U4AIE22194
2063,BL.EN.U4AIE22195
2064,BL.EN.U4AIE22196
2065,BL.EN.U4AIE22197
2066,BL.EN.U4AIE22198
2067,BL.EN.U4AIE22199
2068,BL.EN.U4AIE22200
2069,BL.EN.U4AIE22201
2070,BL.EN.U4AIE22202
2071,BL.EN.U4AIE22203
2072,BL.EN.U4AIE22204
2073,BL.EN.U4AIE22205
2074,BL.EN.U4AIE22206
2075,BL.EN.U4AIE22207
2076,BL.EN.U4AIE22208
2077,BL.EN.U4AIE22209
2078,BL.EN.U4AIE22210
2079,BL.EN.U4AIE22211
2080,BL.EN.U4AIE22212
2081,BL.EN.U4AIE22213
2082,BL.EN.U4AIE22214
2083,BL.EN.U4AIE22215
2084,BL.EN.U4AIE22216
2085,BL.EN.U4AIE22217
2086,BL.EN.U4AIE22218
2087,BL.EN.U4AIE22219
2088,BL.EN.U4AIE22220
2089,BL.EN.U4AIE22221
2090,BL.EN.U4AIE22222
2091,BL.EN.U4AIE22223
2092,BL.EN.U4AIE22224
2093,BL.EN.U4AIE22225
2094,BL.EN.U4AIE22226
2095,BL.EN.U4AIE22227
2096,BL.EN.U4AIE22228
2097,BL.EN.U4ECE22001
2098,BL.EN.U4ECE22002
2099,BL.EN.U4ECE22003
2100,BL.EN.U4ECE22004
2101,BL.EN.U4ECE22005
2102,BL.EN.U4ECE22006
2103,BL.EN.U4ECE22007
2104,BL.EN.U4ECE22008
2105,BL.EN.U4ECE22009
2106,BL.EN.U4ECE22010
2107,BL.EN.U4ECE22011
2108,BL.EN.U4ECE22012
2109,BL.EN.U4ECE22013
2110,BL.EN.U4ECE22014
2111,BL.EN.U4ECE22015
2112,BL.EN.U4ECE22016
2113,BL.EN.U4ECE22017
2114,BL.EN.U4ECE22018
2115,BL.EN.U4ECE22019
2116,BL.EN.U4ECE22020
2117,BL.EN.U4ECE22021
2118,BL.EN.U4ECE22022
2119,BL.EN.U4ECE22023
2120,BL.EN.U4ECE22024
2121,BL.EN.U4ECE22025
2122,BL.EN.U4ECE22026
2123,BL.EN.U4ECE22027
2124,BL.EN.U4ECE22028
2125,BL.EN.U4ECE22029
2126,BL.EN.U4ECE22030
2127,BL.EN.U4ECE22031
2128,BL.EN.U4ECE22032
2129,BL.EN.U4ECE22033
2130,BL.EN.U4ECE22034
2131,BL.EN.U4ECE22035
2132,BL.EN.U4ECE22036
2133,BL.EN.U4ECE22037
2134,BL.EN.U4ECE22038
2135,BL.EN.U4ECE22039
2136,BL.EN.U4ECE22040
2137,BL.EN.U4ECE22041
2138,BL.EN.U4ECE22042
2139,BL.EN.U4ECE22043
2140,BL.EN.U4ECE22044
2141,BL.EN.U4ECE22045
2142,BL.EN.U4ECE22046
2143,BL.EN.U4ECE22047
2144,BL.EN.U4ECE22048
2145,BL.EN.U4ECE22049
2146,BL.EN.U4ECE22050
2147,BL.EN.U4ECE22051
2148,BL.EN.U4ECE22052
2149,BL.EN.U4ECE22053
2150,BL.EN.U4ECE22054
2151,BL.EN.U4ECE22055
2152,BL.EN.U4ECE22056
2153,BL.EN.U4ECE22057
2154,BL.EN.U4ECE22058
2155,BL.EN.U4ECE22059
2156,BL.EN.U4ECE22060
2157,BL.EN.U4ECE22061
2158,BL.EN.U4ECE22062
2159,BL.EN.U4ECE22063
2160,BL.EN.U4ECE22064
2161,BL.EN.U4ECE22065
2162,BL.EN.U4ECE22066
2163,BL.EN.U4ECE22067
2164,BL.EN.U4ECE22068
2165,BL.EN.U4ECE22069
2166,BL.EN.U4ECE22070
2167,BL.EN.U4ECE22071
2168,BL.EN.U4ECE22072
2169,BL.EN.U4ECE22073
2170,BL.EN.U4ECE22074
2171,BL.EN.U4ECE22075
2172,BL.EN.U4ECE22076
2173,BL.EN.U4ECE22077
2174,BL.EN.U4ECE22078
2175,BL.EN.U4ECE22079
2176,BL.EN.U4ECE22080
2177,BL.EN.U4ECE22081
2178,BL.EN.U4ECE22082
2179,BL.EN.U4ECE22083
2180,BL.EN.U4ECE22084
2181,BL.EN.U4ECE22085
2182,BL.EN.U4ECE22086
2183,BL.EN.U4ECE22087
2184,BL.EN.U4ECE22088
2185,BL.EN.U4ECE22089
2186,BL.EN.U4ECE22090
2187,BL.EN.U4ECE22091
2188,BL.EN.U4ECE22092
2189,BL.EN.U4ECE22093
2190,BL.EN.U4ECE22094
2191,BL.EN.U4ECE22095
2192,BL.EN.U4ECE22096
2193,BL.EN.U4ECE22097
2194,BL.EN.U4ECE22098
2195,BL.EN.U4ECE22099
2196,BL.EN.U4ECE22100
2197,BL.EN.U4ECE22101
2198,BL.EN.U4ECE22102
2199,BL.EN.U4ECE22103
2200,BL.EN.U4ECE22104
2201,BL.EN.U4ECE22105
2202,BL.EN.U4ECE22106
2203,BL.EN.U4ECE22107
2204,BL.EN.U4ECE22108
2205,BL.EN.U4ECE22109
2206,BL.EN.U4ECE22110
2207,BL.EN.U4ECE22111
2208,BL.EN.U4ECE22112
2209,BL.EN.U4ECE22113
2210,BL.EN.U4ECE22114
2211,BL.EN.U4ECE22115
2212,BL.EN.U4ECE22116
2213,BL.EN.U4ECE22117
2214,BL.EN.U4ECE22118
2215,BL.EN.U4ECE22119
2216,BL.EN.U4ECE22120
2217,BL.EN.U4ECE22121
2218,BL.EN.U4ECE22122
2219,BL.EN.U4ECE22123
2220,BL.EN.U4ECE22124
2221,BL.EN.U4ECE22125
2222,BL.EN.U4ECE22126
2223,BL.EN.U4ECE22127
2224,BL.EN.U4ECE22128
2225,BL.EN.U4ECE22129
2226,BL.EN.U4ECE22130
2227,BL.EN.U4ECE22131
2228,BL.EN.U4ECE22132
2229,BL.EN.U4ECE22133
2230,BL.EN.U4ECE22134
2231,BL.EN.U4ECE22135
2232,BL.EN.U4ECE22136
2233,BL.EN.U4ECE22137
2234,BL.EN.U4ECE22138
2235,BL.EN.U4ECE22139
2236,BL.EN.U4ECE22140
2237,BL.EN.U4ECE22141
2238,BL.EN.U4ECE22142
2239,BL.EN.U4ECE22143
2240,BL.EN.U4ECE22144
2241,BL.EN.U4ECE22145
2242,BL.EN.U4ECE22146
2243,BL.EN.U4ECE22147
2244,BL.EN.U4ECE22148
2245,BL.EN.U4ECE22149
2246,BL.EN.U4ECE22150
2247,BL.EN.U4ECE22151
2248,BL.EN.U4ECE22152
2249,BL.EN.U4ECE22153
2250,BL.EN.U4ECE22154
2251,BL.EN.U4ECE22155
2252,BL.EN.U4ECE22156
2253,BL.EN.U4ECE22157
2254,BL.EN.U4ECE22158
2255,BL.EN.U4ECE22159
2256,BL.EN.U4ECE22160
2257,BL.EN.U4ECE22161
2258,BL.EN.U4ECE22162
2259,BL.EN.U4ECE22163
2260,BL.EN.U4ECE22164
2261,BL.EN.U4ECE22165
2262,BL.EN.U4ECE22166
2263,BL.EN.U4ECE22167
2264,BL.EN.U4ECE22168
2265,BL.EN.U4ECE22169
2266,BL.EN.U4ECE22170
2267,BL.EN.U4ECE22171
2268,BL.EN.U4ECE22172
2269,BL.EN.U4ECE22173
2270,BL.EN.U4ECE22174
2271,BL.EN.U4ECE22175
2272,BL.EN.U4ECE22176
2273,BL.EN.U4ECE22177
2274,BL.EN.U4ECE22178
2275,BL.EN.U4ECE22179
2276,BL.EN.U4ECE22180
2277,BL.EN.U4ECE22181
2278,BL.EN.U4ECE22182
2279,BL.EN.U4ECE22183
2280,BL.EN.U4ECE22184
2281,BL.EN.U4ECE22185
2282,BL.EN.U4ECE22186
2283,BL.EN.U4ECE22187
2284,BL.EN.U4ECE22188
2285,BL.EN.U4ECE22189
2286,BL.EN.U4ECE22190
2287,BL.EN.U4ECE22191
2288,BL.EN.U4ECE22192
2289,BL.EN.U4ECE22193
2290,BL.EN.U4ECE22194
2291,BL.EN.U4ECE22195
2292,BL.EN.U4ECE22196
2293,BL.EN.U4ECE22197
2294,BL.EN.U4ECE22198
2295,BL.EN.U4ECE22199
2296,BL.EN.U4ECE22200
2297,BL.EN.U4ECE22201
2298,BL.EN.U4ECE22202
2299,BL.EN.U4ECE22203
2300,BL.EN.U4ECE22204
2301,BL.EN.U4ECE22205
2302,BL.EN.U4EEE22001
2303,BL.EN.U4EEE22002
2304,BL.EN.U4EEE22003
2305,BL.EN.U4EEE22004
2306,BL.EN.U4EEE22005
2307,BL.EN.U4EEE22006
2308,BL.EN.U4EEE22007
2309,BL.EN.U4EEE22008
2310,BL.EN.U4EEE22009
2311,BL.EN.U4EEE22010
2312,BL.EN.U4EEE22011
2313,BL.EN.U4EEE22012
2314,BL.EN.U4EEE22013
2315,BL.EN.U4EEE22014
2316,BL.EN.U4EEE22015
2317,BL.EN.U4EEE22016
2318,BL.EN.U4EEE22017
2319,BL.EN.U4EEE22018
2320,BL.EN.U4EEE22019
2321,BL.EN.U4EEE22020
2322,BL.EN.U4EEE22021
2323,BL.EN.U4EEE22022
2324,BL.EN.U4EEE22023
2325,BL.EN.U4EEE22024
2326,BL.EN.U4EEE22025
2327,BL.EN.U4EEE22026
2328,BL.EN.U4EEE22027
2329,BL.EN.U4EEE22028
2330,BL.EN.U4EEE22029
2331,BL.EN.U4EEE22030
2332,BL.EN.U4EEE22031
2333,BL.EN.U4EEE22032
2334,BL.EN.U4EEE22033
2335,BL.EN.U4EEE22034
2336,BL.EN.U4EEE22035
2337,BL.EN.U4EEE22036
2338,BL.EN.U4EEE22037
2339,BL.EN.U4EEE22038
2340,BL.EN.U4EEE22039
2341,BL.EN.U4EEE22040
2342,BL.EN.U4EEE22041
2343,BL.EN.U4MEE22001
2344,BL.EN.U4MEE22002
2345,BL.EN.U4MEE22003
2346,BL.EN.U4MEE22004
2347,BL.EN.U4MEE22005
2348,BL.EN.U4MEE22006
2349,BL.EN.U4MEE22007
2350,BL.EN.U4MEE22008
2351,BL.EN.U4MEE22009
2352,BL.EN.U4MEE22010
2353,BL.EN.U4MEE22011
2354,BL.EN.U4MEE22012
2355,BL.EN.U4MEE22013
2356,BL.EN.U4MEE22014
2357,BL.EN.U4MEE22015
2358,BL.EN.U4MEE22016
2359,BL.EN.U4MEE22017
2360,BL.EN.U4MEE22018
2361,BL.EN.U4MEE22019
2362,BL.EN.U4MEE22020
2363,BL.EN.U4MEE22021
2364,BL.EN.U4MEE22022
2365,BL.EN.U4MEE22023
2366,BL.EN.U4MEE22024
2367,BL.EN.U4MEE22025
2368,BL.EN.U4MEE22026
2369,BL.EN.U4MEE22027
2370,BL.EN.U4MEE22028
2371,BL.EN.U4MEE22029
2372,BL.EN.U4MEE22030
